{
  "rmse_xgb": 107.12586807250528,
  "mape_xgb": 0.3617636596943576,
  "rmse_lgb": 107.37321506882462,
  "mape_lgb": 0.3665416453815683,
  "best_model": "xgboost"
}