{
  "rmse_xgb": 121.41650213836031,
  "mape_xgb": 0.34559619549752485,
  "rmse_lgb": 121.8383131737792,
  "mape_lgb": 0.3658309631666493,
  "best_model": "xgboost"
}